"Date","Price","Open","High","Low","Vol.","Change %"
"04/13/2023","450.850","452.455","452.455","448.555","47.31K","-0.25%"
"04/12/2023","451.980","451.505","454.360","450.855","44.58K","0.22%"
"04/11/2023","451.000","444.750","451.705","444.250","66.48K","1.43%"
"04/10/2023","444.650","445.805","446.465","443.065","77.19K","-0.10%"
"04/07/2023","445.080","446.155","446.640","443.350","47.95K","-0.11%"
"04/06/2023","445.580","447.850","449.355","445.740","67.18K","-0.28%"
"04/05/2023","446.850","447.255","449.440","445.535","58.41K","0.13%"
"04/04/2023","446.260","452.360","452.360","446.040","34.11K","-1.40%"
"04/03/2023","452.590","455.860","455.860","448.590","39.43K","-0.44%"
"03/31/2023","454.600","450.655","456.860","450.355","52.23K","1.00%"
"03/30/2023","450.080","447.805","450.655","446.905","57.70K","0.58%"
"03/29/2023","447.480","453.400","453.950","445.990","78.34K","-1.28%"
"03/28/2023","453.300","457.550","457.815","452.800","130.08K","-0.92%"
"03/27/2023","457.500","457.410","460.265","456.160","85.82K","0.09%"
"03/24/2023","457.090","464.050","464.410","454.060","45.80K","-1.51%"
"03/20/2023","464.090","458.260","465.215","458.070","42.95K","1.34%"
"03/17/2023","457.940","464.110","464.215","457.545","44.28K","-1.26%"
"03/16/2023","463.790","464.110","470.815","461.100","42.82K","0.00%"
"03/15/2023","463.790","461.610","468.060","461.100","39.28K","0.54%"
"03/14/2023","461.290","456.810","462.515","456.100","47.32K","1.16%"
"03/13/2023","456.000","452.005","459.360","451.905","47.12K","0.96%"
"03/10/2023","451.680","441.400","452.315","441.250","48.10K","2.40%"
"03/09/2023","441.080","438.250","442.500","437.875","43.80K","0.72%"
"03/07/2023","437.930","436.300","440.250","436.040","44.19K","0.45%"
"03/06/2023","435.980","431.100","438.050","427.040","43.67K","1.21%"
"03/03/2023","430.780","435.800","435.810","429.100","45.78K","-1.08%"
"03/02/2023","435.480","440.550","441.110","431.550","65.32K","-1.14%"
"03/01/2023","440.500","445.050","445.310","440.100","97.97K","-1.06%"
"02/28/2023","445.200","447.355","448.255","444.900","71.47K","-0.44%"
"02/27/2023","447.180","449.350","450.555","447.055","53.68K","-0.47%"
"02/24/2023","449.300","449.005","449.365","445.050","83.34K","0.23%"
"02/23/2023","448.250","449.005","450.255","448.300","42.22K","-0.13%"
"02/22/2023","448.830","446.955","449.355","445.540","47.34K","0.46%"
"02/21/2023","446.780","447.005","447.355","444.550","57.12K","-0.01%"
"02/20/2023","446.830","448.655","448.865","446.440","59.45K","-0.06%"
"02/17/2023","447.100","443.750","448.655","442.750","86.19K","0.77%"
"02/16/2023","443.700","447.255","447.255","443.140","94.27K","-0.74%"
"02/15/2023","447.000","449.555","450.055","444.250","72.05K","-0.50%"
"02/14/2023","449.250","451.755","452.355","449.215","60.33K","-0.55%"
"02/13/2023","451.750","451.055","453.560","450.755","50.73K","0.19%"
"02/10/2023","450.880","452.205","452.205","450.040","44.76K","-0.25%"
"02/09/2023","452.030","455.060","455.115","450.755","48.81K","-0.63%"
"02/08/2023","454.890","456.260","457.100","454.620","44.17K","-0.26%"
"02/07/2023","456.090","457.460","457.760","456.260","42.73K","-0.26%"
"02/06/2023","457.290","458.060","460.400","456.795","52.32K","-0.13%"
"02/03/2023","457.890","458.900","460.710","457.860","69.29K","-0.20%"
"02/02/2023","458.800","460.560","460.565","458.760","81.55K","-0.32%"
"02/01/2023","460.290","460.500","461.290","460.295","66.23K","-0.02%"
"01/31/2023","460.400","459.650","461.015","459.620","104.60K","0.17%"
"01/30/2023","459.600","460.060","460.160","459.420","44.68K","-0.11%"
"01/27/2023","460.090","460.860","462.060","459.745","45.88K","-0.11%"
"01/26/2023","460.590","461.360","463.360","460.645","45.76K","-0.13%"
"01/25/2023","461.200","461.660","462.560","460.810","43.31K","-0.04%"
"01/24/2023","461.390","462.210","462.660","461.320","52.85K","-0.13%"
"01/23/2023","462.000","464.200","464.200","461.245","55.48K","-0.13%"
"01/20/2023","462.590","462.660","464.360","462.060","42.35K","0.04%"
"01/19/2023","462.390","464.060","464.165","462.095","44.72K","-0.30%"
"01/18/2023","463.790","464.360","465.360","463.845","43.97K","-0.09%"
"01/17/2023","464.220","463.460","464.650","463.150","74.21K","0.20%"
"01/16/2023","463.300","462.260","463.660","462.095","49.93K","0.28%"
"01/13/2023","462.000","462.150","462.865","461.650","63.41K","0.00%"
"01/12/2023","462.000","462.260","462.915","461.860","81.65K","0.00%"
"01/11/2023","462.000","462.560","462.665","461.650","45.44K","-0.06%"
"01/10/2023","462.290","462.250","463.260","461.360","67.35K","0.04%"
"01/09/2023","462.100","464.360","464.725","462.095","83.11K","-0.27%"
"01/06/2023","463.360","465.060","465.350","462.760","44.50K","-0.31%"
"01/05/2023","464.790","465.760","466.765","465.060","41.54K","-0.15%"
"01/04/2023","465.490","462.150","466.060","462.150","47.54K","0.64%"
"12/30/2022","462.540","461.560","465.150","461.150","37.25K","0.27%"
"12/29/2022","461.290","463.260","463.260","460.360","42.44K","-0.37%"
"12/28/2022","462.990","460.560","463.560","459.360","46.18K","0.59%"
"12/27/2022","460.290","462.150","462.660","459.860","64.01K","-0.37%"
"12/26/2022","462.000","461.760","463.165","459.550","83.91K","0.11%"
"12/23/2022","461.490","464.260","464.860","459.860","41.73K","-0.54%"
"12/22/2022","463.990","469.160","469.360","463.960","45.61K","-1.05%"
"12/21/2022","468.890","470.260","471.150","469.045","43.22K","-0.19%"
"12/20/2022","469.800","467.660","470.560","467.660","47.35K","0.52%"
"12/19/2022","467.390","466.860","469.015","466.860","42.35K","0.17%"
"12/15/2022","466.590","469.450","469.660","466.595","52.08K","-0.60%"
"12/14/2022","469.390","469.450","470.215","468.150","70.23K","0.02%"
"12/13/2022","469.300","469.860","470.660","468.150","82.59K","-0.06%"
"12/12/2022","469.590","470.360","472.860","468.360","47.69K","-0.04%"
"12/09/2022","469.800","471.360","473.860","469.595","50.60K","-0.27%"
"12/08/2022","471.090","473.860","473.860","470.845","47.19K","-0.45%"
"12/07/2022","473.200","470.860","474.620","470.495","48.05K","0.55%"
"12/06/2022","470.590","470.360","473.715","470.080","44.99K","0.11%"
"12/05/2022","470.090","470.160","470.360","468.595","43.16K","0.04%"
"12/02/2022","469.890","467.850","470.460","467.360","60.89K","0.47%"
"12/01/2022","467.700","469.060","469.610","467.150","86.92K","-0.23%"
"11/30/2022","468.790","467.650","470.560","467.620","66.14K","0.28%"
"11/29/2022","467.500","468.260","469.265","467.645","80.94K","-0.11%"
"11/28/2022","468.000","465.460","470.145","465.395","58.10K","0.58%"
"11/25/2022","465.300","465.150","467.360","463.950","67.49K","0.06%"
"11/24/2022","465.000","464.860","466.860","464.650","81.14K","0.09%"
"11/23/2022","464.590","463.650","465.060","461.620","66.71K","0.24%"
"11/22/2022","463.500","463.560","464.860","462.150","51.24K","0.05%"
"11/21/2022","463.290","461.960","465.360","461.150","47.67K","0.35%"
"11/18/2022","461.690","458.360","461.960","457.950","47.65K","0.79%"
"11/17/2022","458.090","459.960","460.965","457.045","43.69K","-0.35%"
"11/16/2022","459.690","460.160","460.560","458.445","40.68K","-0.04%"
"11/15/2022","459.890","461.260","463.860","459.095","50.52K","-0.24%"
"11/14/2022","460.990","460.360","462.260","458.360","45.63K","0.20%"
"11/11/2022","460.090","467.460","467.460","458.850","46.90K","-1.52%"
"11/10/2022","467.190","466.760","470.715","465.650","45.48K","0.13%"
"11/09/2022","466.590","465.150","467.960","464.260","65.92K","0.34%"
"11/08/2022","465.000","464.150","465.560","461.760","58.63K","0.41%"
"11/07/2022","463.110","465.060","465.560","461.345","49.09K","-0.38%"
"11/04/2022","464.890","466.760","466.760","463.760","45.72K","-0.35%"
"11/03/2022","466.500","461.160","466.760","461.145","49.17K","1.19%"
"11/02/2022","461.000","462.560","463.150","459.560","53.45K","-0.32%"
"11/01/2022","462.500","467.260","467.760","462.190","51.84K","-0.96%"
"10/31/2022","467.000","468.260","471.150","466.690","52.57K","-0.21%"
"10/28/2022","468.000","464.150","470.520","463.960","95.20K","0.86%"
"10/27/2022","464.000","468.550","469.150","462.645","97.60K","-0.94%"
"10/26/2022","468.400","471.260","472.960","468.150","80.14K","-0.82%"
"10/21/2022","472.260","469.960","473.875","469.445","45.20K","0.75%"
"10/20/2022","468.750","470.260","470.775","467.260","44.39K","-0.29%"
"10/19/2022","470.090","471.410","472.760","469.360","47.18K","-0.30%"
"10/18/2022","471.500","472.560","474.850","471.260","47.46K","-0.32%"
"10/17/2022","473.000","476.010","476.010","472.560","46.41K","-0.60%"
"10/14/2022","475.840","478.060","478.760","475.150","44.86K","-0.43%"
"10/13/2022","477.890","478.650","481.760","477.950","68.63K","-0.13%"
"10/12/2022","478.500","477.360","480.250","476.150","79.13K","0.27%"
"10/11/2022","477.190","474.460","477.750","473.360","41.63K","0.61%"
"10/10/2022","474.290","472.260","474.750","472.260","49.36K","0.47%"
"10/07/2022","472.090","471.150","473.460","470.150","67.01K","0.23%"
"10/06/2022","471.000","470.060","471.150","466.350","77.50K","0.26%"
"10/05/2022","469.790","472.250","473.060","468.795","68.58K","-0.49%"
"10/04/2022","472.100","475.650","475.860","471.145","99.25K","-0.72%"
"10/03/2022","475.500","476.660","477.215","474.575","81.86K","-0.19%"
"09/30/2022","476.390","477.210","479.075","474.725","48.61K","0.04%"
"09/29/2022","476.210","477.860","479.860","475.360","37.86K","-0.29%"
"09/28/2022","477.590","478.860","480.660","476.860","50.21K","-0.21%"
"09/27/2022","478.590","478.860","480.425","477.640","47.25K","0.08%"
"09/26/2022","478.190","480.860","481.850","476.360","51.28K","-0.76%"
"09/23/2022","481.840","479.260","482.165","478.350","48.97K","0.60%"
"09/22/2022","478.990","479.860","482.545","479.145","48.27K","-0.13%"
"09/21/2022","479.590","476.860","480.360","475.860","48.49K","0.63%"
"09/20/2022","476.590","478.150","479.615","476.650","64.65K","-0.29%"
"09/19/2022","478.000","475.660","478.460","475.150","78.08K","0.55%"
"09/16/2022","475.390","476.000","478.360","474.725","70.16K","-0.10%"
"09/15/2022","475.850","473.450","476.090","473.025","120.39K","0.54%"
"09/14/2022","473.300","472.760","474.465","472.625","89.29K","0.17%"
"09/13/2022","472.490","473.060","474.360","472.460","49.87K","-0.06%"
"09/12/2022","472.790","472.600","473.265","470.860","50.66K","0.04%"
"09/09/2022","472.590","475.760","475.860","472.060","44.29K","-0.61%"
"09/08/2022","475.490","473.860","479.860","473.860","45.26K","0.40%"
"09/07/2022","473.590","472.960","475.260","472.250","45.86K","0.19%"
"09/06/2022","472.690","472.660","473.750","471.760","50.24K","0.06%"
"09/05/2022","472.390","470.660","473.860","470.660","52.30K","0.36%"
"09/02/2022","470.700","471.060","473.250","470.295","57.78K","-0.02%"
"09/01/2022","470.790","473.050","473.050","470.660","44.73K","-0.40%"
"08/31/2022","472.690","468.860","473.660","467.250","43.77K","-0.21%"
"08/26/2022","473.690","465.860","476.060","465.750","50.75K","1.74%"
"08/25/2022","465.590","464.250","467.860","462.860","66.49K","0.34%"
"08/24/2022","464.000","466.160","466.160","458.860","80.82K","-0.56%"
"08/23/2022","466.600","473.360","473.860","465.760","53.66K","-1.37%"
"08/22/2022","473.090","476.710","476.710","472.645","48.80K","-0.70%"
"08/19/2022","476.440","476.160","477.050","475.750","45.81K","0.12%"
"08/18/2022","475.890","476.460","476.765","475.360","46.26K","-0.06%"
"08/17/2022","476.190","476.760","477.770","475.250","47.69K","-0.06%"
"08/16/2022","476.490","476.460","477.060","476.260","48.21K","0.06%"
"08/15/2022","476.190","477.060","478.625","474.695","47.17K","-0.13%"
"08/12/2022","476.790","476.250","477.625","475.360","72.38K","0.17%"
"08/11/2022","476.000","478.460","478.560","475.860","80.33K","-0.46%"
"08/10/2022","478.190","479.250","480.860","477.060","73.18K","-0.17%"
"08/09/2022","479.000","477.110","480.125","476.950","84.81K","0.45%"
"08/08/2022","476.840","476.460","478.650","475.060","47.83K","0.03%"
"08/05/2022","476.700","477.160","479.360","476.045","79.30K","-0.06%"
"08/04/2022","477.000","474.860","477.770","474.860","51.65K","0.51%"
"08/03/2022","474.590","474.360","477.960","473.360","39.24K","0.11%"
"08/02/2022","474.090","480.360","480.360","474.160","47.79K","-1.25%"
"08/01/2022","480.090","477.160","480.460","477.160","49.37K","0.67%"
"07/29/2022","476.890","479.360","481.125","475.745","46.89K","-0.46%"
"07/28/2022","479.090","477.750","480.975","476.495","68.27K","0.33%"
"07/27/2022","477.500","479.860","481.060","476.995","79.32K","-0.44%"
"07/26/2022","479.590","478.060","481.750","477.360","65.12K","0.37%"
"07/25/2022","477.800","482.365","482.365","474.250","46.15K","-0.89%"
"07/22/2022","482.090","482.565","485.250","481.860","43.70K","-0.04%"
"07/21/2022","482.290","481.860","482.865","481.060","48.56K","0.15%"
"07/20/2022","481.590","480.060","482.750","479.360","43.95K","0.38%"
"07/19/2022","479.790","486.365","486.365","479.860","48.69K","-1.30%"
"07/18/2022","486.090","482.060","486.730","480.250","45.70K","0.89%"
"07/15/2022","481.790","479.750","482.575","478.860","69.94K","0.48%"
"07/14/2022","479.500","476.250","481.100","474.995","100.32K","0.74%"
"07/13/2022","476.000","474.250","476.975","474.250","104.11K","0.42%"
"07/12/2022","474.000","471.910","475.860","469.860","84.34K","0.55%"
"07/11/2022","471.390","473.360","473.360","462.310","44.69K","-0.36%"
"07/08/2022","473.090","478.250","479.610","471.250","71.79K","-1.03%"
"07/07/2022","478.000","465.860","484.115","465.860","79.43K","2.67%"
"07/05/2022","465.590","467.760","475.860","465.250","48.38K","-0.41%"
"07/04/2022","467.490","464.360","467.860","461.860","48.52K","0.73%"
"07/01/2022","464.090","470.360","470.725","462.695","52.33K","-1.26%"
"06/30/2022","470.000","468.360","473.360","465.245","51.47K","0.41%"
"06/29/2022","468.090","460.160","471.060","457.860","48.21K","1.78%"
"06/28/2022","459.890","462.250","462.250","452.855","66.30K","-0.46%"
"06/27/2022","462.000","467.260","467.260","458.360","79.42K","-1.07%"
"06/24/2022","466.990","467.860","474.360","466.875","49.09K","-0.13%"
"06/23/2022","467.590","455.660","467.860","455.250","47.67K","2.68%"
"06/22/2022","455.390","449.855","455.860","448.750","47.84K","1.29%"
"06/21/2022","449.580","446.355","450.355","445.850","44.48K","0.78%"
"06/20/2022","446.080","446.355","446.955","440.750","45.41K","0.00%"
"06/17/2022","446.080","444.650","449.155","444.610","48.35K","0.38%"
"06/16/2022","444.380","439.550","444.650","438.850","50.48K","1.16%"
"06/15/2022","439.280","437.050","440.065","436.375","45.26K","0.57%"
"06/14/2022","436.780","437.250","437.975","435.150","51.05K","-0.05%"
"06/13/2022","436.980","436.350","438.015","433.850","42.86K","0.21%"
"06/10/2022","436.080","436.350","436.925","434.550","45.44K","0.00%"
"06/09/2022","436.080","434.350","438.250","430.850","61.81K","0.46%"
"06/08/2022","434.080","431.150","435.665","430.375","45.76K","0.74%"
"06/07/2022","430.880","432.350","432.350","429.050","46.10K","-0.28%"
"06/06/2022","432.080","434.350","434.350","430.750","46.03K","-0.46%"
"06/03/2022","434.080","435.050","435.850","430.750","50.74K","-0.16%"
"06/02/2022","434.780","428.650","436.415","428.650","44.84K","1.49%"
"06/01/2022","428.380","425.350","433.150","419.250","38.23K","0.78%"
"05/31/2022","425.080","423.850","426.750","411.850","42.93K","0.35%"
"05/30/2022","423.580","435.050","435.050","419.850","42.70K","-2.58%"
"05/27/2022","434.780","423.550","435.650","423.550","47.21K","2.72%"
"05/26/2022","423.280","415.750","425.475","415.375","48.77K","1.85%"
"05/25/2022","415.580","416.650","416.750","413.750","43.50K","-0.22%"
"05/24/2022","416.500","420.850","421.250","415.350","44.19K","-0.97%"
"05/23/2022","420.580","427.850","428.250","420.850","47.42K","-1.64%"
"05/20/2022","427.580","429.250","429.625","421.350","35.09K","-0.33%"
"05/19/2022","429.000","433.150","433.450","427.750","38.76K","-0.90%"
"05/18/2022","432.880","434.250","434.260","431.750","20.74K","-0.25%"
"05/17/2022","433.980","432.750","434.915","430.950","17.20K","0.35%"
"05/16/2022","432.480","432.050","432.750","428.350","16.66K","0.16%"
"05/13/2022","431.780","433.850","433.850","426.550","17.06K","-0.42%"
"05/12/2022","433.580","440.850","440.850","431.350","17.54K","-1.59%"
"05/11/2022","440.580","439.350","445.350","438.850","17.23K","0.34%"
"05/06/2022","439.080","426.950","439.815","426.350","18.23K","2.91%"
"05/05/2022","426.680","438.150","438.150","422.350","17.55K","-2.56%"
"05/04/2022","437.880","440.350","440.350","434.850","17.83K","-0.50%"
"05/03/2022","440.080","443.350","443.350","438.850","16.83K","-0.68%"
"04/29/2022","443.080","446.855","449.255","440.850","18.04K","-0.78%"
"04/28/2022","446.580","446.955","450.855","445.350","18.51K","-0.02%"
"04/27/2022","446.680","451.355","454.060","446.155","16.85K","-0.98%"
"04/26/2022","451.080","449.455","454.560","449.455","17.53K","0.42%"
"04/25/2022","449.180","444.050","450.355","444.050","17.78K","1.19%"
"04/22/2022","443.880","443.150","445.650","442.850","17.97K","0.29%"
"04/21/2022","442.580","442.950","445.350","442.250","18.15K","0.05%"
"04/20/2022","442.380","445.650","446.155","442.650","16.33K","-0.61%"
"04/19/2022","445.080","443.650","446.955","441.150","17.53K","0.45%"
"04/18/2022","443.080","455.660","455.660","443.435","16.95K","-2.64%"
"04/15/2022","455.090","453.160","456.360","449.355","18.32K","0.55%"
"04/14/2022","452.590","450.155","454.060","445.650","17.89K","1.01%"
"04/13/2022","448.080","448.655","453.360","448.655","18.24K","0.00%"
"04/12/2022","448.080","449.655","453.160","447.355","15.93K","-0.22%"
"04/11/2022","449.080","443.650","454.360","443.650","16.73K","1.35%"
"04/08/2022","443.080","454.660","455.260","443.650","17.29K","-2.42%"
"04/07/2022","454.090","465.760","465.795","454.445","16.86K","-2.30%"
"04/06/2022","464.760","467.660","467.860","460.160","16.68K","-0.29%"
"04/05/2022","466.090","468.160","473.060","456.460","17.46K","-0.21%"
"04/04/2022","467.090","475.460","476.860","467.660","17.05K","-1.54%"
"04/01/2022","474.390","470.860","476.110","470.160","19.19K","0.98%"
"03/31/2022","469.790","466.160","472.095","465.360","18.28K","1.01%"
"03/30/2022","465.090","466.860","466.910","456.660","17.32K","-0.15%"
"03/29/2022","465.790","481.865","481.865","466.860","18.10K","-3.12%"
"03/28/2022","480.790","492.865","493.165","480.760","17.65K","-2.24%"
"03/25/2022","491.790","493.965","496.165","491.665","17.95K","-0.22%"
"03/24/2022","492.890","508.770","508.770","489.665","17.27K","-3.01%"
"03/18/2022","508.200","508.870","509.035","505.365","18.20K","-0.02%"
"03/17/2022","508.300","509.620","509.820","505.515","16.80K","0.00%"
"03/16/2022","508.300","515.420","515.420","507.620","17.45K","-1.13%"
"03/15/2022","514.100","518.725","518.725","513.120","17.32K","-0.64%"
"03/14/2022","517.400","525.125","525.125","515.120","17.34K","-1.13%"
"03/11/2022","523.300","521.125","527.125","514.120","17.14K","0.67%"
"03/10/2022","519.800","510.920","521.290","509.920","17.84K","1.90%"
"03/09/2022","510.100","510.420","513.920","507.920","16.99K","0.22%"
"03/04/2022","509.000","497.915","511.120","496.915","16.80K","2.50%"
"03/03/2022","496.590","496.415","499.415","488.115","17.19K","0.30%"
"03/02/2022","495.090","489.615","497.115","489.115","17.74K","1.54%"
"03/01/2022","487.590","490.115","498.615","479.610","17.97K","-0.10%"
"02/28/2022","488.090","460.110","502.615","460.110","19.45K","6.55%"
"02/25/2022","458.090","468.610","476.110","459.610","16.63K","-1.82%"
"02/24/2022","466.590","437.750","470.110","437.550","17.50K","6.68%"
"02/23/2022","437.380","437.250","438.350","436.685","18.21K","0.11%"
"02/22/2022","436.880","427.450","438.265","427.450","18.85K","2.29%"
"02/21/2022","427.080","428.450","430.600","426.800","17.02K","-0.23%"
"02/18/2022","428.080","428.850","429.700","427.810","16.63K","-0.14%"
"02/17/2022","428.680","427.950","429.815","427.825","17.67K","0.26%"
"02/16/2022","427.580","429.450","429.550","427.000","16.71K","-0.35%"
"02/15/2022","429.080","431.450","431.600","428.960","17.58K","-0.46%"
"02/14/2022","431.080","430.050","432.350","429.250","16.54K","0.33%"
"02/11/2022","429.680","427.350","430.300","426.735","16.94K","0.80%"
"02/10/2022","426.250","426.200","428.665","424.900","17.58K","0.10%"
"02/09/2022","425.830","427.850","428.050","425.660","17.53K","-0.39%"
"02/08/2022","427.480","430.450","430.600","427.285","16.88K","-0.60%"
"02/07/2022","430.080","431.950","432.250","429.985","16.45K","-0.35%"
"02/04/2022","431.580","434.900","434.900","431.925","16.72K","-0.69%"
"02/03/2022","434.580","433.500","435.150","433.300","16.84K","0.33%"
"02/02/2022","433.130","434.100","434.550","433.300","16.87K","-0.14%"
"02/01/2022","433.730","434.700","434.700","433.700","16.88K","-0.14%"
"01/31/2022","434.330","435.150","435.150","433.800","17.63K","-0.10%"
"01/28/2022","434.780","434.000","435.740","433.460","17.06K","0.41%"
"01/27/2022","433.000","435.000","435.700","433.660","16.51K","-0.42%"
"01/26/2022","434.830","436.050","436.150","434.485","17.18K","-0.20%"
"01/25/2022","435.680","437.000","437.025","435.310","12.68K","-0.22%"
"01/24/2022","436.630","436.100","437.050","434.700","16.46K","0.16%"
"01/21/2022","435.930","435.950","436.840","435.385","15.53K","0.03%"
"01/20/2022","435.780","436.650","436.650","434.700","14.83K","-0.16%"
"01/19/2022","436.480","435.950","437.050","434.450","14.63K","0.16%"
"01/18/2022","435.780","435.550","435.950","434.350","15.39K","0.09%"
"01/17/2022","435.380","435.400","435.965","434.785","15.03K","0.03%"
"01/14/2022","435.230","434.950","436.250","434.900","15.27K","0.10%"
"01/13/2022","434.780","434.700","434.950","434.250","14.25K","0.06%"
"01/12/2022","434.530","435.450","435.575","434.450","13.11K","0.02%"
"01/11/2022","434.450","435.450","435.450","435.450","","-0.19%"
"01/05/2022","435.280","435.000","436.350","434.950","12.76K","0.10%"
"12/31/2021","434.830","437.250","437.250","435.000","15.68K","-0.47%"
"12/30/2021","436.880","435.800","439.800","432.250","15.22K","0.33%"
"12/29/2021","435.430","434.500","435.925","431.840","16.38K","0.30%"
"12/28/2021","434.130","434.000","435.015","431.650","17.71K","0.12%"
"12/27/2021","433.630","433.450","434.390","431.800","16.82K","0.13%"
"12/24/2021","433.080","435.450","435.450","432.250","17.00K","-0.46%"
"12/23/2021","435.080","437.000","437.000","434.600","16.95K","-0.35%"
"12/22/2021","436.630","437.650","437.650","435.200","17.27K","-0.15%"
"12/21/2021","437.280","438.950","438.950","436.700","16.84K","-0.30%"
"12/20/2021","438.580","437.950","440.050","437.700","16.92K","0.23%"
"12/15/2021","437.580","437.450","439.115","436.650","16.29K","0.11%"
"12/14/2021","437.080","436.150","438.275","435.250","17.00K","0.25%"
"12/13/2021","435.980","436.000","436.790","434.300","17.08K","0.08%"
"12/10/2021","435.630","436.100","437.140","434.700","16.83K","-0.02%"
"12/09/2021","435.730","436.850","436.850","435.185","16.91K","-0.17%"
"12/08/2021","436.480","437.050","437.365","436.135","17.39K","-0.09%"
"12/07/2021","436.880","438.250","438.250","436.235","17.64K","-0.27%"
"12/06/2021","438.080","438.600","438.840","437.560","14.57K","-0.03%"
"12/03/2021","438.230","438.100","438.725","437.250","17.43K","0.11%"
"12/02/2021","437.730","436.250","441.500","436.150","16.27K","0.38%"
"12/01/2021","436.080","438.450","438.450","435.250","1.58K","-0.83%"
"11/30/2021","439.730","437.700","440.840","434.750","17.21K","0.55%"
"11/29/2021","437.330","436.250","438.740","433.750","17.23K","0.33%"
"11/26/2021","435.880","432.750","437.200","431.800","17.81K","0.81%"
"11/25/2021","432.380","432.950","433.215","430.650","16.64K","-0.09%"
"11/24/2021","432.780","434.050","434.050","430.050","16.82K","-0.21%"
"11/23/2021","433.680","433.800","434.665","432.750","17.36K","0.06%"
"11/22/2021","433.430","433.450","434.200","432.950","17.75K","0.08%"
"11/19/2021","433.080","433.300","433.500","431.550","17.23K","0.03%"
"11/18/2021","432.930","433.150","433.750","432.250","16.74K","0.03%"
"11/17/2021","432.780","432.000","433.775","431.330","16.56K","0.27%"
"11/16/2021","431.630","430.900","432.000","429.950","17.54K","0.26%"
"11/15/2021","430.530","431.150","431.350","430.450","17.20K","-0.06%"
"11/12/2021","430.780","429.750","431.325","429.550","16.88K","0.33%"
"11/11/2021","429.380","429.100","429.975","428.900","16.86K","0.15%"
"11/10/2021","428.730","429.450","429.450","428.250","16.87K","-0.08%"
"11/09/2021","429.080","429.450","429.725","428.950","14.86K","0.00%"
"11/08/2021","429.080","429.600","429.850","428.250","17.59K","-0.03%"
"11/05/2021","429.230","429.500","430.350","429.250","16.80K","0.02%"
"11/04/2021","429.130","429.300","430.000","429.100","14.91K","0.05%"
"11/03/2021","428.930","428.250","429.450","428.050","17.28K","0.25%"
"11/02/2021","427.880","427.700","428.450","427.450","17.38K","0.13%"
"11/01/2021","427.330","427.650","428.350","427.250","16.70K","0.01%"
"10/29/2021","427.280","427.750","428.150","426.850","33.15K","-0.02%"
"10/28/2021","427.380","426.800","428.390","426.600","16.68K","0.22%"
"10/27/2021","426.430","425.900","427.100","425.700","17.38K","0.21%"
"10/26/2021","425.530","425.500","426.290","425.135","17.07K","0.09%"
"10/25/2021","425.130","425.050","425.940","424.760","16.60K","0.06%"
"10/22/2021","424.880","426.100","426.850","425.125","16.79K","-0.20%"
"10/21/2021","425.730","426.550","426.600","425.750","16.79K","-0.11%"
"10/20/2021","426.180","425.900","426.990","425.700","16.96K","0.15%"
"10/19/2021","425.530","425.750","426.850","425.160","16.59K","0.04%"
"10/18/2021","425.380","426.000","426.265","425.085","17.19K","-0.06%"
"10/15/2021","425.630","426.100","426.640","425.435","16.13K","-0.02%"
"10/14/2021","425.730","426.150","426.515","425.485","15.40K","-0.01%"
"10/13/2021","425.780","425.450","426.765","425.250","16.50K","0.16%"
"10/12/2021","425.080","424.750","425.965","424.135","16.70K","0.31%"
"10/11/2021","423.750","425.350","425.415","424.185","16.39K","-0.29%"
"10/08/2021","424.980","425.550","425.800","424.750","16.67K","-0.05%"
"10/07/2021","425.180","425.250","426.315","425.085","16.40K","0.07%"
"10/06/2021","424.880","425.450","425.765","424.250","16.53K","-0.05%"
"10/05/2021","425.080","425.650","425.990","424.685","16.69K","-0.05%"
"10/04/2021","425.280","426.600","426.600","424.700","16.69K","-0.22%"
"10/01/2021","426.230","426.200","426.925","426.000","17.28K","0.09%"
"09/30/2021","425.830","425.550","426.450","425.320","17.28K","0.15%"
"09/29/2021","425.180","424.850","426.100","424.650","16.19K","0.16%"
"09/28/2021","424.480","424.650","425.240","423.835","16.93K","0.05%"
"09/27/2021","424.280","425.650","425.965","424.035","17.06K","-0.24%"
"09/24/2021","425.280","425.450","426.115","424.250","15.98K","0.05%"
"09/23/2021","425.080","425.450","426.015","424.800","13.98K","-0.12%"
"09/22/2021","425.580","426.450","426.900","425.260","17.32K","-0.16%"
"09/21/2021","426.280","426.700","426.990","425.860","17.43K","-0.12%"
"09/20/2021","426.780","425.950","427.265","425.885","17.06K","0.40%"
"09/17/2021","425.080","425.600","425.950","425.150","16.45K","-0.04%"
"09/16/2021","425.230","426.250","426.290","424.960","17.79K","-0.15%"
"09/15/2021","425.880","426.450","426.915","425.835","16.53K","-0.05%"
"09/14/2021","426.080","426.500","426.915","425.600","17.19K","-0.01%"
"09/13/2021","426.130","426.450","427.265","425.250","17.04K","0.01%"
"09/10/2021","426.080","426.450","427.115","425.935","12.87K","-0.05%"
"09/09/2021","426.280","426.300","426.965","425.250","18.49K","0.08%"
"09/08/2021","425.930","426.400","427.215","425.860","16.81K","-0.07%"
"09/07/2021","426.230","425.400","426.840","425.250","15.78K","0.24%"
"09/06/2021","425.230","425.455","426.870","424.610","17.08K","0.03%"
"09/03/2021","425.090","425.555","425.950","424.765","16.88K","0.05%"
"09/02/2021","424.890","426.355","426.855","424.840","16.36K","-0.24%"
"09/01/2021","425.900","426.255","426.925","425.840","14.96K","-0.03%"
"08/31/2021","426.030","427.300","427.300","425.700","15.30K","-0.27%"
"08/27/2021","427.180","426.650","427.850","426.450","17.24K","0.15%"
"08/26/2021","426.530","426.000","427.200","425.500","16.70K","0.15%"
"08/25/2021","425.880","424.600","426.540","424.200","16.80K","0.41%"
"08/24/2021","424.140","425.400","425.540","423.910","15.72K","-0.27%"
"08/23/2021","425.280","427.500","427.700","425.085","16.56K","-0.49%"
"08/20/2021","427.380","427.000","428.150","426.750","16.55K","0.12%"
"08/19/2021","426.880","425.800","427.350","425.800","15.78K","0.28%"
"08/18/2021","425.680","426.255","426.420","424.985","16.37K","0.16%"
"08/17/2021","424.980","425.350","426.015","424.785","15.66K","-0.06%"
"08/16/2021","425.230","425.455","426.700","424.610","16.12K","0.14%"
"08/13/2021","424.630","424.750","425.840","424.435","16.09K","0.00%"
"08/12/2021","424.630","426.100","426.100","424.350","16.54K","-0.26%"
"08/11/2021","425.730","425.755","426.540","425.385","16.53K","0.00%"
"08/10/2021","425.730","426.700","427.000","425.585","16.98K","-0.20%"
"08/09/2021","426.580","424.805","427.240","424.605","16.44K","0.50%"
"08/06/2021","424.440","425.705","426.000","424.165","16.68K","-0.21%"
"08/05/2021","425.340","424.350","426.100","424.100","16.84K","0.32%"
"08/04/2021","423.980","424.500","424.765","423.510","14.56K","-0.04%"
"08/03/2021","424.130","424.755","425.045","423.560","14.84K","-0.06%"
"08/02/2021","424.380","425.545","426.045","424.255","15.75K","-0.19%"
"07/30/2021","425.180","425.595","426.065","424.930","16.04K","-0.01%"
"07/29/2021","425.230","425.495","426.090","424.805","16.83K","-0.04%"
"07/28/2021","425.380","425.445","426.375","425.055","15.78K","0.07%"
"07/27/2021","425.080","425.995","426.265","424.195","17.43K","-0.19%"
"07/26/2021","425.880","426.145","426.790","424.995","17.41K","0.02%"
"07/23/2021","425.780","426.295","426.590","424.845","16.89K","-0.04%"
"07/22/2021","425.930","427.255","428.020","425.705","15.44K","-0.35%"
"07/21/2021","427.430","428.255","429.545","427.105","16.43K","-0.16%"
"07/19/2021","428.130","427.005","428.840","426.745","16.28K","0.35%"
"07/16/2021","426.640","427.455","427.745","425.945","15.84K","0.19%"
"07/15/2021","425.830","427.255","427.255","425.655","15.52K","-0.19%"
"07/14/2021","426.630","426.755","427.745","425.545","16.56K","-0.18%"
"07/13/2021","427.380","429.045","429.045","426.645","17.53K","-0.30%"
"07/12/2021","428.680","427.755","429.465","427.755","16.43K","0.00%"
"07/09/2021","428.680","430.895","430.895","428.430","15.83K","-0.49%"
"07/08/2021","430.780","428.445","431.340","428.195","16.59K","0.63%"
"07/07/2021","428.080","426.395","429.115","426.345","15.93K","0.39%"
"07/03/2021","426.405","426.405","426.405","426.405","","-0.01%"
"07/02/2021","426.440","427.195","427.495","426.595","16.84K","-0.15%"
"07/01/2021","427.080","426.755","428.065","426.095","17.08K","0.00%"
"06/30/2021","427.080","429.295","429.295","426.305","16.98K","-0.48%"
"06/29/2021","429.130","426.695","429.295","426.595","16.15K","0.61%"
"06/28/2021","426.530","425.955","427.005","425.645","15.68K","-0.05%"
"06/25/2021","426.730","428.055","428.370","426.445","15.76K","-0.25%"
"06/24/2021","427.780","426.855","428.945","426.445","14.73K","0.04%"
"06/23/2021","427.630","426.755","428.370","426.695","13.76K","0.09%"
"06/22/2021","427.230","426.955","428.045","426.145","15.63K","-0.11%"
"06/21/2021","427.680","427.655","428.945","427.245","16.02K","-0.01%"
"06/18/2021","427.730","427.755","428.790","427.330","15.10K","0.04%"
"06/17/2021","427.580","426.595","428.515","426.420","16.14K","0.32%"
"06/16/2021","426.230","426.655","427.215","425.780","15.87K","-0.14%"
"06/15/2021","426.830","427.495","427.895","426.530","15.56K","-0.07%"
"06/14/2021","427.130","426.255","427.990","426.255","15.65K","0.08%"
"06/11/2021","426.780","427.495","427.665","426.480","17.31K","-0.08%"
"06/10/2021","427.130","427.255","428.190","426.880","16.32K","0.07%"
"06/09/2021","426.830","426.755","427.840","426.330","16.56K","-0.09%"
"06/08/2021","427.230","427.295","428.250","426.855","16.26K","0.07%"
"06/07/2021","426.930","427.595","427.765","426.530","17.12K","-0.07%"
"06/04/2021","427.230","428.255","428.545","427.420","15.56K","-0.09%"
"06/03/2021","427.630","427.755","428.705","427.185","15.93K","-0.17%"
"06/02/2021","428.340","427.955","429.205","426.955","16.06K","0.18%"
"06/01/2021","427.590","427.755","428.450","427.265","16.35K","-0.08%"
"05/31/2021","427.940","428.855","429.155","426.955","15.53K","-0.06%"
"05/28/2021","428.190","427.755","429.200","427.455","16.07K","-0.15%"
"05/27/2021","428.840","427.905","429.525","427.455","16.24K","0.28%"
"05/26/2021","427.640","427.255","428.525","426.855","14.30K","0.07%"
"05/25/2021","427.340","427.255","428.150","426.405","17.04K","-0.06%"
"05/24/2021","427.590","427.755","428.655","427.455","16.11K","-0.19%"
"05/21/2021","428.390","429.755","429.755","428.555","16.53K","-0.05%"
"05/20/2021","428.590","428.305","429.805","428.230","16.74K","0.13%"
"05/19/2021","428.040","426.255","428.380","426.255","16.76K","0.35%"
"05/18/2021","426.540","427.705","427.705","425.855","15.49K","-0.21%"
"05/17/2021","427.440","427.255","428.355","427.255","15.93K","-0.15%"
"05/14/2021","428.090","428.355","429.855","427.955","14.25K","0.00%"
"05/13/2021","428.090","426.605","428.955","426.605","15.94K","0.39%"
"05/12/2021","426.440","426.255","427.105","425.955","15.60K","-0.12%"
"05/11/2021","426.940","425.930","427.755","425.955","19.50K","0.12%"
"05/06/2021","426.440","427.455","427.650","426.140","16.78K","-0.01%"
"05/05/2021","426.490","428.405","428.405","426.190","16.79K","-0.41%"
"05/04/2021","428.240","430.105","430.105","427.940","17.02K","-0.40%"
"04/30/2021","429.940","428.105","430.525","427.955","16.38K","0.47%"
"04/29/2021","427.940","429.155","429.175","427.490","17.93K","-0.24%"
"04/28/2021","428.990","429.555","429.925","428.690","17.12K","-0.09%"
"04/27/2021","429.390","430.305","430.400","429.115","17.69K","-0.17%"
"04/26/2021","430.140","430.405","430.825","429.555","14.15K","-0.02%"
"04/23/2021","430.240","431.855","431.855","429.890","17.76K","-0.34%"
"04/22/2021","431.690","432.055","432.605","431.855","18.97K","-0.05%"
"04/21/2021","431.890","430.555","432.755","430.555","17.30K","0.35%"
"04/20/2021","430.390","430.755","431.125","429.705","17.07K","-0.05%"
"04/19/2021","430.590","430.355","431.450","430.090","18.00K","0.12%"
"04/16/2021","430.090","431.955","431.955","429.640","15.59K","-0.39%"
"04/15/2021","431.790","430.955","432.525","429.755","15.81K","0.23%"
"04/14/2021","430.790","433.855","433.855","430.140","16.51K","-0.67%"
"04/13/2021","433.690","433.355","434.325","433.190","26.93K","0.12%"
"04/12/2021","433.190","433.355","434.100","432.940","15.46K","0.00%"
"04/09/2021","433.190","433.755","434.000","432.740","14.00K","-0.09%"
"04/08/2021","433.590","432.255","434.215","432.255","32.16K","0.35%"
"04/07/2021","432.090","430.255","434.050","430.255","29.57K","0.47%"
"04/06/2021","430.090","428.105","430.350","427.955","31.18K","0.49%"
"04/05/2021","427.990","427.155","428.575","427.155","15.47K","0.23%"
"04/02/2021","426.990","427.405","427.750","426.615","15.61K","-0.06%"
"04/01/2021","427.240","425.705","428.025","425.705","15.93K","0.40%"
"03/31/2021","425.540","425.055","426.150","424.875","15.47K","0.15%"
"03/30/2021","424.890","424.405","425.525","424.105","14.48K","0.19%"
"03/29/2021","424.090","424.455","424.875","423.455","15.23K","-0.05%"
"03/26/2021","424.290","424.305","425.075","423.790","20.80K","0.04%"
"03/25/2021","424.140","421.000","424.975","421.000","14.39K","0.79%"
"03/19/2021","420.830","419.300","422.055","419.300","15.21K","0.41%"
"03/18/2021","419.130","419.500","419.790","418.585","15.48K","-0.05%"
"03/17/2021","419.330","418.950","420.015","418.050","16.67K","0.13%"
"03/16/2021","418.780","419.150","419.730","418.325","17.35K","-0.01%"
"03/15/2021","418.830","419.110","419.665","418.535","16.42K","-0.03%"
"03/12/2021","418.940","419.520","419.520","418.440","16.30K","-0.08%"
"03/11/2021","419.280","420.140","420.210","418.835","16.13K","-0.16%"
"03/10/2021","419.970","419.690","420.930","419.500","17.25K","0.11%"
"03/09/2021","419.520","419.990","420.380","419.250","15.70K","-0.07%"
"03/05/2021","419.820","420.240","420.605","419.450","16.78K","-0.06%"
"03/04/2021","420.070","419.690","420.980","419.540","16.64K","0.13%"
"03/03/2021","419.520","419.940","420.590","419.200","17.11K","-0.06%"
"03/02/2021","419.770","418.390","421.290","418.390","16.61K","0.37%"
"03/01/2021","418.220","417.940","418.880","417.440","15.87K","0.11%"
"02/26/2021","417.770","415.185","418.355","415.185","17.46K","0.66%"
"02/25/2021","415.020","415.435","415.780","414.395","15.68K","-0.06%"
"02/24/2021","415.270","414.935","416.230","414.845","15.66K","0.12%"
"02/23/2021","414.770","416.890","416.890","414.395","15.85K","-0.47%"
"02/22/2021","416.720","417.440","417.440","415.890","15.62K","-0.13%"
"02/19/2021","417.270","416.490","418.690","416.490","16.83K","0.23%"
"02/18/2021","416.320","416.840","416.840","415.890","15.42K","-0.08%"
"02/17/2021","416.670","416.940","417.355","416.375","16.35K","-0.02%"
"02/16/2021","416.770","417.090","417.090","416.540","17.33K","-0.04%"
"02/15/2021","416.920","419.090","419.090","416.640","16.69K","-0.48%"
"02/12/2021","418.920","418.340","419.640","417.440","17.07K","0.18%"
"02/11/2021","418.170","417.740","418.805","417.440","17.56K","0.14%"
"02/10/2021","417.570","418.540","418.555","417.075","15.45K","-0.19%"
"02/09/2021","418.370","418.790","419.005","417.390","17.46K","-0.06%"
"02/08/2021","418.620","420.490","420.490","418.225","16.03K","-0.40%"
"02/05/2021","420.320","422.090","422.090","419.840","16.39K","-0.38%"
"02/04/2021","421.920","423.440","423.440","421.540","15.78K","-0.32%"
"02/03/2021","423.270","423.440","423.840","423.240","15.91K","0.00%"
"02/02/2021","423.270","424.440","424.440","423.440","16.70K","-0.24%"
"02/01/2021","424.270","423.440","425.230","423.440","15.69K","0.12%"
"01/29/2021","423.770","424.140","425.140","423.940","16.27K","-0.05%"
"01/28/2021","423.970","422.290","424.790","422.290","14.01K","0.44%"
"01/27/2021","422.120","422.340","422.640","421.840","15.93K","-0.01%"
"01/26/2021","422.170","420.890","422.990","420.890","16.21K","0.34%"
"01/25/2021","420.720","420.740","421.090","420.490","15.24K","0.04%"
"01/22/2021","420.570","418.640","420.740","418.640","17.19K","0.43%"
"01/21/2021","418.770","418.990","419.190","418.290","16.95K","-0.01%"
"01/20/2021","418.820","419.940","420.210","418.175","16.02K","-0.23%"
"01/19/2021","419.770","420.790","420.940","419.840","16.16K","-0.20%"
"01/18/2021","420.620","419.290","421.255","419.290","16.61K","0.36%"
"01/15/2021","419.120","419.840","419.940","419.190","16.10K","-0.13%"
"01/14/2021","419.670","419.090","420.390","419.090","15.74K","0.18%"
"01/13/2021","418.920","419.940","419.940","418.600","16.13K","-0.20%"
"01/12/2021","419.770","419.790","420.830","419.550","16.09K","0.04%"
"01/11/2021","419.620","419.240","419.990","419.240","16.19K","0.13%"
"01/08/2021","419.070","419.190","420.290","418.240","13.22K","0.01%"
"01/06/2021","419.020","421.540","421.540","418.575","15.85K","-0.56%"
"01/05/2021","421.370","421.440","422.255","420.925","15.28K","0.03%"
"01/04/2021","421.249","423.529","423.529","421.249","","-0.54%"
"01/01/2021","423.529","423.529","423.529","423.529","","0.54%"
"12/31/2020","421.270","421.540","421.930","420.925","15.47K","-0.02%"
"12/30/2020","421.370","420.840","422.130","420.440","16.82K","0.17%"
"12/29/2020","420.670","420.040","421.405","419.940","16.38K","0.19%"
"12/28/2020","419.870","419.640","420.655","419.425","16.60K","0.10%"
"12/25/2020","419.470","420.390","420.430","419.075","14.19K","-0.18%"
"12/24/2020","420.220","421.440","421.440","419.550","15.76K","-0.25%"
"12/23/2020","421.270","420.590","422.255","420.590","15.36K","0.20%"
"12/22/2020","420.420","421.290","421.355","419.240","16.07K","-0.17%"
"12/21/2020","421.120","418.740","421.805","417.440","15.62K","0.37%"
"12/15/2020","419.570","419.040","420.440","418.940","16.10K","0.17%"
"12/14/2020","418.870","419.240","419.555","418.325","16.20K","-0.05%"
"12/11/2020","419.070","420.390","420.390","418.550","15.73K","-0.27%"
"12/10/2020","420.220","420.340","421.055","420.000","16.15K","0.01%"
"12/09/2020","420.170","420.390","420.630","419.500","16.76K","-0.01%"
"12/08/2020","420.220","421.690","422.090","420.025","16.11K","-0.31%"
"12/07/2020","421.520","420.640","422.140","420.640","16.09K","0.25%"
"12/04/2020","420.470","423.640","423.640","420.225","15.93K","-0.71%"
"12/03/2020","423.470","424.940","424.940","422.440","17.36K","-0.31%"
"12/02/2020","424.770","425.690","426.090","424.350","16.22K","-0.18%"
"11/30/2020","425.520","424.540","426.105","423.940","15.21K","0.27%"
"11/27/2020","424.370","423.440","424.880","423.440","15.11K","0.26%"
"11/26/2020","423.270","423.660","424.005","422.440","16.02K","-0.04%"
"11/25/2020","423.420","425.590","425.590","422.790","16.44K","-0.47%"
"11/24/2020","425.420","425.690","426.030","424.290","15.52K","-0.02%"
"11/23/2020","425.520","427.940","427.940","424.640","16.34K","-0.53%"
"11/20/2020","427.770","428.740","428.755","427.425","15.71K","-0.19%"
"11/19/2020","428.570","427.840","429.155","427.740","16.25K","0.21%"
"11/18/2020","427.670","429.090","429.390","427.450","15.64K","-0.29%"
"11/17/2020","428.920","429.640","429.780","427.940","14.85K","-0.13%"
"11/16/2020","429.470","430.040","430.255","429.125","15.73K","-0.09%"
"11/13/2020","429.870","428.940","430.840","428.940","16.61K","0.26%"
"11/12/2020","428.770","427.240","429.655","427.240","17.30K","0.40%"
"11/11/2020","427.070","427.740","428.005","426.825","16.21K","-0.38%"
"11/10/2020","428.720","431.240","431.240","428.400","16.69K","-0.55%"
"11/09/2020","431.070","432.495","432.540","430.740","16.08K","-0.29%"
"11/06/2020","432.330","432.095","433.140","431.580","15.60K","0.09%"
"11/05/2020","431.930","432.395","433.195","431.305","16.56K","-0.07%"
"11/04/2020","432.230","433.445","433.445","431.780","16.07K","-0.24%"
"11/03/2020","433.280","435.445","435.445","432.830","16.68K","-0.46%"
"11/02/2020","435.280","432.945","436.040","432.945","16.11K","0.58%"
"10/30/2020","432.780","433.095","433.465","432.180","14.42K","-0.03%"
"10/29/2020","432.930","431.640","433.515","431.640","15.73K","0.34%"
"10/28/2020","431.470","429.540","432.030","429.540","16.47K","0.49%"
"10/27/2020","429.370","429.740","430.405","429.075","16.30K","-0.05%"
"10/26/2020","429.570","427.890","430.355","427.890","16.30K","0.43%"
"10/23/2020","427.720","428.440","428.605","427.200","16.15K","-0.13%"
"10/22/2020","428.270","427.940","429.305","427.900","16.93K","0.12%"
"10/21/2020","427.770","428.590","428.680","427.525","15.61K","-0.15%"
"10/20/2020","428.420","428.140","429.330","427.950","16.34K","0.11%"
"10/19/2020","427.970","429.490","429.490","427.725","15.99K","-0.31%"
"10/16/2020","429.320","429.240","429.540","428.240","16.85K","0.06%"
"10/15/2020","429.070","429.240","429.290","428.140","13.45K","0.00%"
"10/14/2020","429.070","428.440","429.705","428.425","13.63K","0.07%"
"10/13/2020","428.770","427.940","429.530","427.940","17.35K","0.23%"
"10/12/2020","427.770","427.340","428.480","427.250","15.51K","0.14%"
"10/09/2020","427.170","428.240","428.240","427.040","15.65K","-0.21%"
"10/08/2020","428.070","429.440","429.440","427.825","16.38K","-0.28%"
"10/07/2020","429.270","429.640","429.955","428.775","15.76K","-0.05%"
"10/06/2020","429.470","431.790","431.790","429.175","16.71K","-0.50%"
"10/05/2020","431.620","433.295","433.295","430.775","16.72K","-0.35%"
"10/02/2020","433.130","429.540","433.740","429.540","16.04K","0.88%"
"10/01/2020","429.370","432.845","432.845","429.125","11.93K","-0.76%"
"09/30/2020","432.680","430.140","433.465","430.140","16.91K","0.63%"
"09/29/2020","429.970","430.640","431.845","429.740","16.01K","-0.12%"
"09/28/2020","430.470","427.590","431.255","427.590","17.25K","0.71%"
"09/25/2020","427.420","426.740","428.005","426.540","15.49K","0.20%"
"09/24/2020","426.570","425.990","427.405","425.740","17.15K","0.18%"
"09/23/2020","425.820","423.940","426.205","423.940","16.45K","0.48%"
"09/22/2020","423.770","422.840","424.530","422.840","16.04K","0.26%"
"09/21/2020","422.670","421.940","423.255","421.240","14.67K","0.21%"
"09/18/2020","421.770","423.740","423.740","420.750","13.15K","-0.52%"
"09/17/2020","423.970","424.640","424.880","423.240","15.75K","-0.12%"
"09/16/2020","424.470","426.840","426.840","424.250","16.08K","-0.52%"
"09/15/2020","426.670","427.190","427.480","426.225","15.78K","-0.08%"
"09/14/2020","427.020","427.040","428.190","426.175","16.74K","0.04%"
"09/11/2020","426.870","426.440","427.630","426.225","13.71K","0.14%"
"09/10/2020","426.270","427.440","427.605","425.840","16.33K","-0.23%"
"09/09/2020","427.270","424.790","428.340","424.790","15.34K","0.62%"
"09/08/2020","424.620","424.040","425.255","423.975","16.78K","0.18%"
"09/07/2020","423.870","420.940","424.305","420.940","15.45K","0.74%"
"09/04/2020","420.770","420.940","421.505","420.475","9.70K","0.00%"
"09/03/2020","420.770","419.090","421.405","419.090","15.74K","0.44%"
"09/02/2020","418.920","418.440","419.555","418.040","13.97K","0.16%"
"09/01/2020","418.270","420.240","420.240","418.000","14.38K","-0.43%"
"08/28/2020","420.070","419.740","420.880","419.625","14.85K","0.12%"
"08/27/2020","419.570","420.490","420.530","419.275","14.33K","-0.18%"
"08/26/2020","420.320","419.240","420.630","419.040","12.30K","0.30%"
"08/25/2020","419.070","419.730","420.000","418.230","16.45K","-0.12%"
"08/24/2020","419.570","419.880","420.380","419.730","15.85K","-0.04%"
"08/21/2020","419.720","419.530","419.880","419.230","14.82K","0.08%"
"08/20/2020","419.370","418.730","419.830","418.480","16.19K","0.19%"
"08/19/2020","418.570","418.680","419.250","418.185","14.57K","0.01%"
"08/18/2020","418.520","419.030","419.350","418.035","15.43K","-0.08%"
"08/17/2020","418.870","419.680","419.725","418.060","13.83K","-0.15%"
"08/14/2020","419.520","419.280","420.150","419.010","14.99K","0.10%"
"08/13/2020","419.120","419.330","419.950","418.760","14.07K","-0.01%"
"08/12/2020","419.170","418.380","419.975","418.380","14.29K","0.23%"
"08/11/2020","418.220","419.480","419.480","417.910","15.41K","-0.26%"
"08/10/2020","419.320","419.780","419.880","418.730","13.31K","-0.07%"
"08/07/2020","419.620","418.980","420.400","418.930","15.76K","0.19%"
"08/06/2020","418.820","418.880","419.475","417.830","15.24K","0.07%"
"08/05/2020","418.520","421.680","421.680","418.160","15.65K","-0.66%"
"08/04/2020","421.320","422.685","422.685","419.230","14.53K","-0.24%"
"08/03/2020","422.320","421.780","424.435","420.330","16.51K","0.21%"
"07/30/2020","421.420","417.830","422.100","417.730","17.64K","0.90%"
"07/29/2020","417.670","415.380","418.250","415.380","15.53K","0.59%"
"07/28/2020","415.220","413.255","415.850","413.255","15.61K","0.14%"
"07/27/2020","414.620","414.230","415.250","414.085","1.17K","0.13%"
"07/24/2020","414.070","413.680","414.780","413.680","0.04K","0.13%"
"07/23/2020","413.520","413.230","413.730","412.530","0.03K","0.11%"
"07/22/2020","413.070","413.455","413.455","411.430","0.05K","-0.05%"
"07/21/2020","413.270","415.005","415.005","413.105","0.14K","-0.37%"
"07/20/2020","414.820","413.955","415.875","413.955","0.14K","0.23%"
"07/17/2020","413.870","413.455","414.405","412.955","0.17K","0.16%"
"07/16/2020","413.220","412.955","413.405","412.555","0.14K","0.11%"
"07/15/2020","412.770","413.055","413.105","412.555","0.22K","-0.02%"
"07/14/2020","412.870","412.255","413.255","412.255","0.25K","0.19%"
"07/13/2020","412.070","412.255","412.855","411.955","0.14K","-0.33%"
"07/10/2020","413.420","411.255","413.655","411.255","0.15K","0.53%"
"07/09/2020","411.220","410.455","411.815","409.455","0.17K","0.23%"
"07/08/2020","410.270","409.755","411.015","409.255","0.31K","0.10%"
"07/07/2020","409.870","407.055","410.615","407.055","0.15K","0.74%"
"07/03/2020","406.870","406.655","407.665","405.755","0.18K","0.10%"
"07/02/2020","406.470","406.655","407.340","405.705","0.15K","0.00%"
"07/01/2020","406.470","405.255","407.065","405.255","0.13K","0.17%"
"06/30/2020","405.770","404.255","406.365","404.105","0.20K","0.32%"
"06/29/2020","404.470","402.755","405.165","402.755","0.16K","0.55%"
"06/26/2020","402.270","403.255","404.355","401.905","0.17K","-0.47%"
"06/25/2020","404.170","402.055","404.555","402.055","0.13K","0.60%"
"06/24/2020","401.770","401.255","402.390","399.255","0.19K","0.17%"
"06/23/2020","401.070","402.755","402.755","400.725","0.18K","-0.22%"
"06/22/2020","401.960","403.255","403.515","402.450","0.12K","-0.28%"
"06/19/2020","403.070","405.155","405.155","402.775","0.18K","-0.44%"
"06/18/2020","404.870","404.905","405.765","404.350","0.18K","0.04%"
"06/17/2020","404.720","404.255","405.315","404.175","0.15K","0.16%"
"06/16/2020","404.070","405.755","405.755","403.600","0.18K","-0.52%"
"06/15/2020","406.170","403.755","406.790","403.755","0.14K","0.52%"
"06/12/2020","404.070","400.755","404.555","400.755","0.17K","0.96%"
"06/11/2020","400.220","400.955","400.955","399.205","0.15K","-0.14%"
"06/10/2020","400.770","400.850","401.365","398.655","0.19K","0.02%"
"06/09/2020","400.670","397.355","400.850","397.255","0.17K","0.88%"
"06/08/2020","397.170","399.655","399.655","396.925","0.16K","-0.58%"
"06/05/2020","399.470","400.755","401.705","399.175","0.19K","-0.40%"
"06/04/2020","401.070","401.105","401.815","398.655","0.20K","0.04%"
"06/03/2020","400.920","400.755","401.155","395.255","0.24K","-0.16%"
"06/02/2020","401.570","407.255","407.255","401.250","0.20K","-1.47%"
"06/01/2020","407.570","411.355","411.355","407.350","0.23K","-1.02%"
"05/29/2020","411.770","412.355","412.590","411.350","0.20K","-0.19%"
"05/28/2020","412.570","412.755","413.290","412.400","0.22K","0.02%"
"05/27/2020","412.470","411.955","413.165","411.655","0.21K","0.02%"
"05/26/2020","412.370","413.955","414.255","412.450","0.18K","-0.48%"
"05/25/2020","414.370","415.710","415.710","414.130","0.31K","-0.13%"
"05/22/2020","414.910","412.905","416.660","412.905","0.18K","0.58%"
"05/21/2020","412.520","413.455","415.460","411.455","0.21K","-0.45%"
"05/20/2020","414.370","414.455","415.910","413.955","0.33K","0.00%"
"05/19/2020","414.370","416.910","416.910","414.755","0.20K","-0.54%"
"05/18/2020","416.630","420.960","420.960","416.675","0.20K","-0.88%"
"05/15/2020","420.310","423.560","423.560","420.375","0.29K","-0.69%"
"05/14/2020","423.230","422.660","423.695","422.525","0.20K","0.38%"
"05/13/2020","421.630","420.810","422.370","420.610","0.18K","0.29%"
"05/12/2020","420.430","420.660","421.420","416.460","0.19K","0.00%"
"05/11/2020","420.430","421.460","421.460","419.560","0.22K","-0.27%"
"05/06/2020","421.580","424.010","424.010","420.160","0.19K","-0.48%"
"05/05/2020","423.630","426.460","426.460","423.590","0.19K","-0.82%"
"05/04/2020","427.130","427.460","428.460","425.660","0.16K","0.35%"
"04/30/2020","425.630","427.960","427.960","424.130","0.21K","-0.82%"
"04/29/2020","429.130","431.410","431.410","428.725","0.22K","-0.41%"
"04/28/2020","430.880","431.625","431.860","431.170","0.15K","0.06%"
"04/27/2020","430.610","430.625","431.625","430.625","0.14K","-0.12%"
"04/24/2020","431.110","432.125","433.625","430.500","0.14K","-0.12%"
"04/23/2020","431.610","437.625","437.625","431.885","0.13K","-1.26%"
"04/22/2020","437.110","434.625","438.625","434.625","0.15K","0.46%"
"04/21/2020","435.110","429.625","435.870","428.125","0.13K","1.75%"
"04/20/2020","427.610","426.625","428.370","426.625","0.12K","0.33%"
"04/17/2020","426.210","428.625","428.625","426.335","0.12K","-0.33%"
"04/16/2020","427.610","427.375","429.375","427.375","0.14K","0.35%"
"04/15/2020","426.110","425.625","426.745","424.675","0.12K","0.16%"
"04/14/2020","425.410","427.925","427.925","425.535","0.11K","-0.36%"
"04/13/2020","426.930","430.125","430.125","427.125","0.11K","-0.67%"
"04/10/2020","429.810","430.375","432.525","429.375","0.12K","-0.07%"
"04/09/2020","430.110","435.875","435.875","430.010","0.13K","-1.26%"
"04/08/2020","435.610","436.625","437.625","434.975","0.12K","-0.21%"
"04/07/2020","436.510","439.125","439.125","436.125","0.12K","-0.48%"
"04/06/2020","438.610","443.625","443.625","438.885","0.12K","-1.24%"
"04/03/2020","444.110","448.225","448.225","443.925","0.12K","-0.70%"
"04/02/2020","447.230","449.125","449.625","447.935","0.10K","-0.31%"
"04/01/2020","448.630","448.625","449.870","447.425","0.11K","0.12%"
"03/31/2020","448.110","448.625","449.125","447.925","0.10K","0.11%"
"03/30/2020","447.630","446.025","448.870","446.025","0.11K","0.48%"
"03/27/2020","445.510","448.125","448.125","445.125","0.13K","0.16%"
"03/26/2020","444.810","447.085","447.630","445.360","0.14K","-0.40%"
"03/20/2020","446.610","457.130","457.130","445.125","0.19K","-1.98%"
"03/19/2020","455.610","444.085","466.635","444.085","0.28K","3.06%"
"03/18/2020","442.070","436.585","443.845","436.585","0.12K","1.49%"
"03/17/2020","435.570","436.085","437.095","435.835","0.12K","0.35%"
"03/16/2020","434.070","408.080","440.585","406.080","0.34K","6.97%"
"03/13/2020","405.770","401.080","406.880","401.080","0.13K","1.42%"
"03/12/2020","400.070","396.330","401.580","396.080","0.18K","1.14%"
"03/11/2020","395.570","396.080","396.480","394.330","0.09K","0.13%"
"03/10/2020","395.070","386.025","397.080","386.025","0.16K","2.36%"
"03/09/2020","385.960","386.025","386.025","386.025","","0.76%"
"03/06/2020","383.060","381.025","383.820","381.025","0.17K","0.55%"
"03/05/2020","380.960","379.825","381.570","379.825","0.19K","0.32%"
"03/04/2020","379.760","379.825","380.345","379.010","0.18K","0.08%"
"03/03/2020","379.460","381.625","381.675","379.525","0.18K","-0.56%"
"03/02/2020","381.610","382.025","382.320","380.785","0.17K","-0.09%"
"02/28/2020","381.960","380.325","382.645","380.325","0.21K","0.55%"
"02/27/2020","379.860","378.525","380.445","378.525","0.16K","0.32%"
"02/26/2020","378.660","377.670","379.245","377.520","0.17K","0.28%"
"02/25/2020","377.610","376.520","378.165","376.370","0.37K","0.31%"
"02/24/2020","376.460","376.620","377.240","375.825","0.21K","-0.03%"
"02/21/2020","376.560","376.570","377.240","375.620","0.15K","0.17%"
"02/20/2020","375.910","376.770","377.020","375.425","0.17K","-0.21%"
"02/19/2020","376.710","378.020","378.025","376.300","0.15K","-0.21%"
"02/18/2020","377.510","376.920","378.065","376.620","0.17K","0.17%"
"02/17/2020","376.860","376.520","377.120","376.320","0.14K","0.08%"
"02/14/2020","376.560","377.020","378.375","375.850","0.20K","-0.11%"
"02/13/2020","376.960","376.520","377.490","376.020","0.15K","0.09%"
"02/12/2020","376.610","377.825","377.825","375.875","0.21K","-0.06%"
"02/11/2020","376.820","378.825","378.825","377.340","0.33K","-0.46%"
"02/10/2020","378.560","379.225","379.495","378.110","0.16K","-0.05%"
"02/07/2020","378.760","378.020","379.420","377.905","0.17K","0.24%"
"02/06/2020","377.860","378.425","379.000","376.900","0.35K","-0.13%"
"02/05/2020","378.360","379.525","379.525","377.810","0.20K","-0.32%"
"02/04/2020","379.560","380.725","380.825","378.960","0.17K","-0.34%"
"02/03/2020","380.860","380.225","381.445","380.110","0.15K","0.37%"
"01/31/2020","379.460","380.025","380.245","378.760","0.15K","0.04%"
"01/30/2020","379.310","378.625","379.920","378.275","0.16K","0.20%"
"01/29/2020","378.560","380.775","380.825","378.010","0.19K","-0.56%"
"01/28/2020","380.710","381.025","381.545","380.285","0.17K","-0.07%"
"01/27/2020","380.960","378.525","381.545","378.525","0.15K","0.66%"
"01/24/2020","378.460","378.075","379.245","377.320","0.19K","0.12%"
"01/23/2020","378.010","377.320","378.570","377.125","0.20K","0.17%"
"01/22/2020","377.360","377.020","377.990","376.750","0.32K","0.05%"
"01/21/2020","377.160","376.520","377.270","375.970","0.15K","0.19%"
"01/20/2020","376.460","376.520","377.365","375.625","0.17K","-0.03%"
"01/17/2020","376.560","377.520","377.540","375.950","0.22K","-0.24%"
"01/16/2020","377.460","379.325","379.325","376.850","0.25K","-0.45%"
"01/15/2020","379.160","379.725","380.275","378.635","0.20K","-0.13%"
"01/14/2020","379.660","378.485","380.245","378.485","0.17K","0.33%"
"01/13/2020","378.420","377.870","379.025","377.020","0.20K","0.16%"
"01/10/2020","377.810","377.020","378.495","376.975","0.78K","0.35%"
"01/09/2020","376.510","377.525","377.525","375.825","0.18K","-0.44%"
"01/08/2020","378.160","381.025","381.025","377.430","0.21K","-0.70%"
"01/07/2020","380.825","380.825","380.825","380.825","","0.02%"
"01/06/2020","380.760","382.025","382.025","380.160","0.18K","-0.57%"
"01/03/2020","382.925","382.925","382.925","382.925","","0.00%"
"01/02/2020","382.925","382.925","382.925","382.925","","0.00%"
"01/01/2020","382.925","382.925","382.925","382.925","","0.02%"
"12/31/2019","382.860","382.325","382.925","382.325","0.12K","0.18%"
"12/30/2019","382.160","381.325","382.695","381.125","0.20K","0.56%"
"12/27/2019","380.030","379.225","381.545","379.225","0.18K","0.08%"
"12/26/2019","379.720","379.525","379.785","378.325","0.18K","0.20%"
"12/25/2019","378.960","381.025","381.025","378.110","0.18K","-0.52%"
"12/24/2019","380.960","383.025","383.025","380.075","0.20K","-0.56%"
"12/23/2019","383.110","383.325","383.745","382.260","0.23K","-0.01%"
"12/20/2019","383.160","383.775","384.095","382.435","0.39K","-0.14%"
"12/19/2019","383.710","384.725","385.175","383.285","0.19K","-0.25%"
"12/18/2019","384.660","384.725","385.295","383.825","0.13K","-0.02%"
"12/17/2019","384.725","384.725","384.725","384.725","","0.00%"
"12/16/2019","384.725","384.725","384.725","384.725","","0.02%"
"12/13/2019","384.660","384.625","385.270","383.325","0.16K","0.03%"
"12/12/2019","384.560","386.025","386.025","383.910","0.16K","-0.38%"
"12/11/2019","386.010","386.625","386.870","385.410","0.21K","-0.14%"
"12/10/2019","386.560","385.925","387.145","385.575","0.29K","0.18%"
"12/09/2019","385.860","386.125","386.495","385.060","0.14K","0.00%"
"12/06/2019","385.860","385.025","386.395","384.775","0.15K","0.26%"
"12/05/2019","384.860","386.825","387.025","384.385","0.16K","-0.49%"
"12/04/2019","386.760","387.525","387.745","386.335","0.18K","-0.18%"
"12/03/2019","387.460","386.575","387.995","386.395","0.15K","0.23%"
"12/02/2019","386.575","386.575","386.575","386.575","","0.02%"
"11/29/2019","386.510","386.275","387.070","385.960","0.24K","0.08%"
"11/28/2019","386.210","386.525","386.870","385.735","0.26K","-0.06%"
"11/27/2019","386.460","387.025","387.245","385.760","0.26K","0.08%"
"11/26/2019","386.160","386.175","387.030","385.710","0.17K","0.01%"
"11/25/2019","386.110","385.725","386.820","385.485","0.66K","0.10%"
"11/22/2019","385.710","386.025","386.470","384.425","0.17K","-0.05%"
"11/21/2019","385.910","387.125","387.125","385.385","0.18K","-0.34%"
"11/20/2019","387.210","387.225","387.895","386.760","0.14K","0.01%"
"11/19/2019","387.160","387.525","388.120","386.785","0.14K","-0.08%"
"11/18/2019","387.460","388.025","388.525","386.810","0.16K","-0.13%"
"11/15/2019","387.960","388.525","388.525","387.925","0.13K","-0.13%"
"11/14/2019","388.460","389.425","389.725","388.125","0.16K","-0.23%"
"11/13/2019","389.360","389.125","389.625","388.345","0.13K","0.09%"
"11/12/2019","389.010","389.725","389.725","388.125","0.11K","0.01%"
"11/11/2019","388.960","388.825","389.075","388.325","0.14K","0.31%"
"11/08/2019","387.750","388.325","389.255","387.895","0.14K","-0.14%"
"11/07/2019","388.310","389.025","390.150","387.860","0.24K","-0.17%"
"11/06/2019","388.960","388.625","390.180","388.160","0.52K","0.13%"
"11/05/2019","388.460","388.225","389.045","387.910","0.15K","0.08%"
"11/04/2019","388.160","389.725","389.725","387.635","0.16K","-0.38%"
"11/01/2019","389.660","389.075","390.220","388.525","0.21K","0.19%"
"10/31/2019","388.910","388.825","389.510","388.185","0.18K","0.12%"
"10/30/2019","388.460","388.625","389.145","387.760","0.20K","-0.03%"
"10/29/2019","388.560","389.325","389.495","387.625","0.23K","0.46%"
"10/28/2019","386.780","389.325","389.325","387.235","0.12K","-0.22%"
"10/25/2019","387.650","388.825","389.355","388.180","0.10K","-0.07%"
"10/24/2019","387.930","389.525","389.795","388.450","0.09K","-0.39%"
"10/23/2019","389.460","389.825","390.250","388.610","0.14K","-0.10%"
"10/22/2019","389.860","389.880","390.450","389.310","0.12K","0.25%"
"10/21/2019","388.880","390.080","390.475","389.360","0.10K","-0.33%"
"10/18/2019","390.170","390.230","390.750","389.660","0.12K","0.00%"
"10/17/2019","390.170","389.730","390.750","389.435","0.15K","0.05%"
"10/16/2019","389.970","389.780","390.615","389.320","0.15K","0.31%"
"10/15/2019","388.780","389.580","390.330","389.160","1.51K","0.05%"
"10/14/2019","388.580","389.505","390.210","389.050","1.94K","-0.22%"
"10/11/2019","389.440","390.030","390.250","388.985","0.42K","-0.17%"
"10/10/2019","390.120","389.730","390.725","389.485","0.15K","0.36%"
"10/09/2019","388.730","389.825","390.525","389.160","1.55K","-0.26%"
"10/08/2019","389.760","389.125","390.600","389.125","0.15K","0.15%"
"10/07/2019","389.160","388.725","389.770","388.460","0.97K","0.08%"
"10/04/2019","388.860","389.025","389.545","388.485","0.15K","-0.01%"
"10/03/2019","388.900","389.030","389.795","388.510","0.80K","0.22%"
"10/02/2019","388.030","388.825","389.645","388.410","1.66K","-0.12%"
"10/01/2019","388.510","387.925","389.155","387.785","0.16K","0.13%"
"09/30/2019","388.010","388.625","388.820","387.150","0.13K","0.01%"
"09/27/2019","387.960","387.625","388.545","387.285","0.17K","0.17%"
"09/26/2019","387.310","388.025","388.170","386.860","0.19K","-0.17%"
"09/25/2019","387.960","386.725","388.480","386.725","0.16K","0.31%"
"09/24/2019","386.760","386.425","387.370","386.010","0.18K","0.10%"
"09/23/2019","386.360","386.625","387.095","385.720","0.29K","0.00%"
"09/20/2019","386.360","387.025","387.205","385.960","0.21K","-0.13%"
"09/19/2019","386.860","387.025","387.705","386.460","0.26K","-0.03%"
"09/18/2019","386.960","385.925","387.660","385.925","0.16K","0.40%"
"09/17/2019","385.410","385.825","386.120","384.935","0.18K","-0.17%"
"09/16/2019","386.060","386.325","386.670","384.625","0.23K","-0.16%"
"09/13/2019","386.660","386.825","387.340","386.260","0.24K","-0.10%"
"09/12/2019","387.060","386.525","387.415","386.525","0.17K","0.16%"
"09/11/2019","386.460","386.025","386.655","385.625","0.18K","0.13%"
"09/10/2019","385.960","386.125","386.845","385.460","0.54K","-0.04%"
"09/09/2019","386.110","388.025","388.025","385.710","0.38K","-0.44%"
"09/06/2019","387.800","388.125","388.495","387.390","0.14K","-0.07%"
"09/05/2019","388.060","388.125","388.605","387.345","0.15K","-0.13%"
"09/04/2019","388.560","388.625","389.095","387.910","0.16K","0.00%"
"09/03/2019","388.560","388.525","389.145","387.325","0.21K","0.08%"
"09/02/2019","388.260","387.875","388.910","387.650","0.17K","0.25%"
"08/30/2019","387.275","387.275","387.275","387.275","","0.03%"
"08/29/2019","387.160","387.875","388.145","386.785","0.17K","-0.10%"
"08/28/2019","387.560","388.425","388.520","387.085","0.18K","-0.19%"
"08/27/2019","388.310","387.225","388.845","387.125","0.18K","0.56%"
"08/26/2019","386.130","386.125","387.795","386.125","0.18K","0.02%"
"08/23/2019","386.060","386.125","386.820","385.635","0.17K","-0.01%"
"08/22/2019","386.110","386.025","386.670","384.625","0.16K","0.04%"
"08/21/2019","385.960","386.775","386.895","385.560","0.91K","-0.21%"
"08/20/2019","386.760","387.125","387.595","386.260","0.20K","-0.05%"
"08/19/2019","386.950","386.625","387.740","386.355","0.19K","0.04%"
"08/16/2019","386.810","387.525","387.720","386.385","0.41K","-0.17%"
"08/15/2019","387.460","387.125","387.995","385.625","0.17K","0.36%"
"08/14/2019","386.060","387.125","387.125","385.610","0.53K","-0.13%"
"08/13/2019","386.580","387.575","388.120","386.985","0.16K","-0.27%"
"08/12/2019","387.610","387.725","388.195","387.085","0.16K","-0.01%"
"08/09/2019","387.660","388.025","388.345","386.725","0.16K","-0.04%"
"08/08/2019","387.810","388.025","388.420","387.360","0.15K","0.06%"
"08/07/2019","387.560","387.625","388.105","387.110","0.14K","0.07%"
"08/06/2019","387.280","387.125","387.815","386.745","0.15K","0.17%"
"08/05/2019","386.610","386.625","387.170","386.060","0.20K","0.12%"
"08/02/2019","386.160","385.625","386.770","385.285","0.19K","0.29%"
"08/01/2019","385.060","384.425","385.645","384.310","0.17K","0.43%"
"07/31/2019","383.430","385.125","385.245","383.810","0.17K","-0.36%"
"07/30/2019","384.810","385.125","385.475","384.555","0.17K","-0.05%"
"07/29/2019","385.010","385.125","385.575","385.025","0.16K","0.00%"
"07/26/2019","385.010","385.125","385.570","384.435","0.20K","0.09%"
"07/25/2019","384.660","384.625","385.945","384.210","0.16K","0.32%"
"07/24/2019","383.430","384.725","385.270","383.660","0.21K","-0.36%"
"07/23/2019","384.810","384.125","385.420","383.875","0.18K","0.21%"
"07/22/2019","384.010","385.125","385.225","383.485","0.21K","-0.23%"
"07/19/2019","384.910","384.625","385.510","384.110","0.17K","0.09%"
"07/18/2019","384.560","384.125","385.170","383.625","0.20K","0.21%"
"07/17/2019","383.760","383.625","384.560","383.260","0.46K","0.12%"
"07/16/2019","383.310","382.625","383.995","381.825","0.31K","0.12%"
"07/15/2019","382.860","383.075","383.805","382.410","0.15K","-0.18%"
"07/12/2019","383.560","383.325","384.140","382.785","0.68K","0.32%"
"07/11/2019","382.330","384.200","384.520","382.610","1.89K","-0.28%"
"07/10/2019","383.400","384.600","385.930","383.150","0.86K","-0.05%"
"07/09/2019","383.600","383.900","385.880","383.350","1.29K","0.13%"
"07/08/2019","383.100","384.550","385.000","382.950","0.32K","-0.28%"
"07/05/2019","384.160","382.750","384.230","382.750","0.25K","0.32%"
"07/04/2019","382.930","384.350","384.350","382.680","0.20K","-0.42%"
"07/03/2019","384.560","382.350","384.880","382.350","0.32K","0.56%"
"07/02/2019","382.410","381.300","382.555","381.120","0.20K","0.28%"
"07/01/2019","381.360","380.600","381.630","380.120","0.22K","0.21%"
"06/28/2019","380.560","380.350","380.825","379.970","0.20K","0.20%"
"06/27/2019","379.800","379.900","381.080","379.125","0.26K","0.02%"
"06/26/2019","379.710","379.025","380.155","378.220","0.28K","0.29%"
"06/25/2019","378.600","378.450","379.030","377.620","0.41K","0.11%"
"06/24/2019","378.200","379.970","379.970","377.920","0.37K","0.11%"
"06/21/2019","377.800","379.750","380.400","376.270","0.24K","-0.45%"
"06/20/2019","379.500","381.625","381.970","379.635","0.27K","-0.50%"
"06/19/2019","381.400","383.750","383.880","381.465","0.86K","-0.61%"
"06/18/2019","383.760","383.450","384.070","383.440","0.48K","0.05%"
"06/17/2019","383.560","384.275","384.275","383.310","0.18K","-0.09%"
"06/14/2019","383.910","384.320","384.370","383.620","0.29K","-0.05%"
"06/13/2019","384.110","384.320","384.770","384.170","0.23K","-0.04%"
"06/12/2019","384.260","384.175","384.460","383.470","0.19K","0.05%"
"06/11/2019","384.060","383.675","384.200","383.120","0.22K","0.17%"
"06/10/2019","383.410","384.525","384.525","382.995","0.21K","0.11%"
"06/07/2019","383.000","384.350","384.820","383.240","1.31K","-0.36%"
"06/06/2019","384.400","384.250","385.130","384.250","0.41K","-0.07%"
"06/05/2019","384.660","384.250","384.880","384.090","0.31K","0.15%"
"06/04/2019","384.100","384.050","384.830","383.570","1.74K","0.04%"
"06/03/2019","383.960","382.720","384.330","382.675","0.25K","0.37%"
"05/31/2019","382.560","381.150","382.830","381.145","0.21K","0.30%"
"05/30/2019","381.400","381.950","382.020","380.890","0.22K","-0.12%"
"05/29/2019","381.840","380.550","382.170","380.540","0.21K","0.43%"
"05/28/2019","380.200","380.100","380.955","379.875","0.28K","0.24%"
"05/27/2019","379.300","379.525","380.380","379.175","0.30K","0.05%"
"05/24/2019","379.100","378.200","379.855","378.170","0.20K","0.18%"
"05/23/2019","378.400","378.870","379.500","377.270","0.53K","-0.10%"
"05/22/2019","378.760","379.600","379.770","378.490","0.66K","-0.12%"
"05/21/2019","379.200","378.950","379.930","378.570","0.22K","0.24%"
"05/20/2019","378.300","379.075","380.175","378.540","0.26K","-0.21%"
"05/17/2019","379.100","378.650","380.155","378.595","0.16K","0.24%"
"05/16/2019","378.200","379.550","379.630","378.175","0.13K","-0.29%"
"05/15/2019","379.300","380.350","380.350","379.225","0.11K","-0.21%"
"05/14/2019","380.100","379.650","380.350","379.545","0.03K","0.18%"
"05/13/2019","379.400","380.675","380.675","379.170","0.19K","-0.11%"
"05/10/2019","379.800","380.000","380.000","380.000","","0.00%"
"05/09/2019","379.800","380.000","380.150","379.750","0.01K","-0.02%"
"05/08/2019","379.860","380.900","381.175","379.745","0.19K","-0.17%"
"05/07/2019","380.500","380.900","381.100","380.800","0.00K","0.00%"
"05/06/2019","380.500","380.675","381.280","379.570","0.26K","-0.05%"
"05/03/2019","380.700","380.900","382.175","380.900","0.19K","-0.15%"
"05/02/2019","381.260","380.900","381.375","380.320","0.19K","0.20%"
"05/01/2019","380.500","380.900","381.100","380.750","0.01K","-0.08%"
"04/30/2019","380.810","381.950","381.950","380.845","0.17K","-0.10%"
"04/29/2019","381.200","381.175","382.230","381.075","0.20K","0.03%"
"04/26/2019","381.100","380.175","382.030","378.200","0.25K","0.27%"
"04/25/2019","380.060","378.200","380.435","378.200","0.27K","0.34%"
"04/24/2019","378.770","378.200","379.235","377.680","0.13K","0.26%"
"04/23/2019","377.800","377.450","378.350","376.880","0.38K","0.24%"
"04/22/2019","376.900","378.180","378.630","376.480","0.42K","-0.63%"
"04/19/2019","379.300","379.300","379.760","378.580","0.28K","0.03%"
"04/18/2019","379.170","379.700","379.885","378.980","0.24K","0.07%"
"04/17/2019","378.900","379.950","380.185","379.045","0.38K","-0.26%"
"04/16/2019","379.870","379.450","380.260","379.220","0.32K","0.23%"
"04/15/2019","379.000","379.180","380.030","379.095","0.36K","-0.10%"
"04/12/2019","379.370","378.500","379.885","378.295","0.40K","0.26%"
"04/11/2019","378.370","378.180","378.735","377.680","0.27K","0.07%"
"04/10/2019","378.100","379.730","379.880","378.470","0.52K","-0.40%"
"04/09/2019","379.620","381.000","381.010","379.370","0.86K","-0.21%"
"04/08/2019","380.400","379.680","381.185","379.680","1.63K","0.32%"
"04/05/2019","379.200","378.680","380.700","378.680","0.44K","0.14%"
"04/04/2019","378.670","378.980","379.080","377.680","0.20K","-0.09%"
"04/03/2019","379.020","379.680","379.680","379.080","0.12K","-0.12%"
"04/02/2019","379.470","379.680","379.930","379.380","0.11K","-0.11%"
"04/01/2019","379.870","380.880","381.180","379.780","0.23K","0.11%"
"03/29/2019","379.470","381.780","381.780","379.280","0.56K","-0.58%"
"03/28/2019","381.670","379.680","381.980","379.030","0.58K","0.67%"
"03/27/2019","379.120","378.180","379.230","377.580","0.34K","0.28%"
"03/26/2019","378.070","378.380","379.330","377.180","0.34K","-0.08%"
"03/25/2019","378.380","378.380","378.380","378.380","","0.00%"
"03/22/2019","378.380","378.380","378.380","378.380","","0.00%"
"03/21/2019","378.380","378.380","378.380","378.380","","0.03%"
"03/20/2019","378.270","377.180","378.720","377.180","0.16K","0.50%"
"03/19/2019","376.370","375.680","377.080","375.680","0.17K","0.21%"
"03/18/2019","375.570","378.180","378.180","375.080","0.17K","-0.96%"
"03/15/2019","379.220","377.780","380.080","377.680","0.25K","0.36%"
"03/14/2019","377.870","376.770","377.980","376.770","0.17K","0.01%"
"03/13/2019","377.820","377.680","378.180","377.680","0.32K","-0.07%"
"03/12/2019","378.070","379.180","379.180","377.780","0.45K","-0.26%"
"03/11/2019","379.070","379.680","379.980","378.630","0.60K","0.10%"
"03/08/2019","378.680","378.680","378.680","378.680","","0.03%"
"03/07/2019","378.570","378.430","380.030","378.430","0.38K","0.07%"
"03/06/2019","378.320","377.680","378.530","377.680","0.59K","0.20%"
"03/05/2019","377.570","376.680","378.280","376.230","0.25K","0.29%"
"03/04/2019","376.470","377.880","378.180","376.180","0.35K","-0.24%"
"03/01/2019","377.370","375.180","378.180","374.580","0.18K","0.84%"
"02/28/2019","374.220","376.680","377.180","374.080","0.18K","-0.62%"
"02/27/2019","376.570","378.680","378.680","376.480","0.17K","-0.29%"
"02/26/2019","377.670","377.180","378.680","377.180","0.26K","0.40%"
"02/25/2019","376.170","375.980","377.180","375.680","0.44K","0.08%"
"02/22/2019","375.870","376.180","378.630","375.685","0.19K","0.08%"
"02/21/2019","375.570","376.380","376.680","375.180","0.16K","-0.19%"
"02/20/2019","376.270","377.280","377.280","375.680","0.18K","-0.36%"
"02/19/2019","377.620","376.480","377.730","375.080","0.52K","0.33%"
"02/18/2019","376.370","375.680","377.180","375.180","0.55K","-0.20%"
"02/15/2019","377.120","377.980","378.180","377.180","0.24K","-0.25%"
"02/14/2019","378.070","374.880","378.580","374.880","0.52K","0.85%"
"02/13/2019","374.870","374.080","374.980","372.780","0.36K","0.24%"
"02/12/2019","373.970","375.180","376.180","373.580","0.82K","-0.29%"
"02/11/2019","375.070","377.530","377.530","374.680","0.62K","-0.61%"
"02/08/2019","377.370","378.980","380.680","376.980","0.44K","-0.40%"
"02/07/2019","378.870","378.180","379.520","376.280","0.78K","0.48%"
"02/06/2019","377.070","378.180","378.180","375.180","0.43K","-0.08%"
"02/05/2019","377.370","381.180","381.730","377.480","0.33K","-1.11%"
"02/04/2019","381.620","382.180","382.680","381.080","0.39K","-0.34%"
"02/01/2019","382.920","380.180","383.680","380.180","0.41K","0.75%"
"01/31/2019","380.070","380.180","381.030","378.180","0.30K","-0.26%"
"01/30/2019","381.070","379.680","381.280","379.180","0.58K","0.29%"
"01/29/2019","379.970","380.180","381.380","379.580","0.33K","0.13%"
"01/28/2019","379.470","379.180","379.980","377.630","0.24K","0.03%"
"01/25/2019","379.370","376.180","379.480","376.180","0.43K","0.64%"
"01/24/2019","376.970","378.180","378.380","377.080","0.49K","-0.29%"
"01/23/2019","378.070","379.180","379.180","378.180","0.65K","-0.26%"
"01/22/2019","379.070","378.780","379.330","377.680","0.43K","0.11%"
"01/21/2019","378.670","377.930","379.380","377.930","0.68K","-0.26%"
"01/18/2019","379.670","377.680","379.980","377.180","0.15K","0.42%"
"01/17/2019","378.070","377.180","378.180","375.680","0.15K","0.03%"
"01/16/2019","377.970","378.180","378.680","377.580","0.23K","-0.16%"
"01/15/2019","378.570","378.680","379.330","377.030","0.24K","-0.16%"
"01/14/2019","379.170","376.530","379.430","376.180","0.02K","0.66%"
"01/11/2019","376.670","375.380","376.780","374.880","0.31K","0.40%"
"01/10/2019","375.170","375.680","375.680","373.180","0.30K","-0.11%"
"01/09/2019","375.570","375.180","376.180","373.680","0.31K","0.13%"
"01/08/2019","375.070","375.980","375.980","372.180","0.28K","-0.24%"
"01/07/2019","375.980","375.980","375.980","375.980","","0.03%"
"01/04/2019","375.870","380.680","380.680","375.980","0.16K","-1.29%"
"01/03/2019","380.770","383.330","383.330","380.780","0.14K","-0.93%"
"01/02/2019","384.330","384.330","384.330","384.330","","0.00%"
"01/01/2019","384.330","384.330","384.330","384.330","","0.00%"